	Filename
0	capture_833_2024-08-10T17-37-22_c.jpeg
1	c_23061118_AB2_R.jpeg
2	capture_625_2024-08-10T17-28-32_c.jpeg
3	10030618_AB3_R.jpeg
4	c_31070218_AB1_R.jpeg
5	capture_654_2024-08-10T17-28-39_c.jpeg
6	capture_404_2024-08-10T17-23-53_c.jpeg
7	capture_497_2024-08-10T17-25-36_c.jpeg
8	c_56032919_AB4_R.jpeg
9	26061918_AB4_R.jpeg
10	c_9021218_AB3_R.jpeg
11	capture_206_2024-08-10T17-19-16_c.jpeg
12	capture_906_2024-08-10T17-41-31_c.jpeg
13	c_39082418_AB1_R.jpeg
14	c_36082218_AB1_R.jpeg
15	capture_870_2024-08-10T17-38-12_c.jpeg
16	c_12032118_AB4_R.jpeg
17	capture_768_2024-08-10T17-31-58_c.jpeg
18	capture_716_2024-08-10T17-29-48_c.jpeg
19	capture_25_2024-08-10T17-11-57_c.jpeg
20	c_50102518_AB2_R.jpeg
21	capture_179_2024-08-10T17-19-04_c.jpeg
22	38082318_AB4_R.jpeg
23	c_65050619_AB1_R.jpeg
24	10030618_AB1_R.jpeg
25	capture_834_2024-08-10T17-37-22_c.jpeg
26	c_44091318_AB4_R.jpeg
27	c_61051619_AB2_R.jpeg
28	c_6121817_AB1_R.jpeg
29	capture_928_2024-08-10T17-42-00_c.jpeg
30	capture_1021_2024-08-10T17-43-02_c.jpeg
31	capture_858_2024-08-10T17-38-06_c.jpeg
32	capture_662_2024-08-10T17-28-41_c.jpeg
33	capture_998_2024-08-10T17-42-43_c.jpeg
34	25061918_AB5_R.jpeg
35	c_03120117_AB3_R.jpeg
36	capture_744_2024-08-10T17-30-36_c.jpeg
37	capture_627_2024-08-10T17-28-33_c.jpeg
38	22052318_A1_R.jpeg
39	c_57032919_AB4_R.jpeg
40	capture_955_2024-08-10T17-42-15_c.jpeg
41	22052318_A3_R.jpeg
42	c_16041918_AB3_R.jpeg
43	49101618_AB1_R.jpeg
44	capture_817_2024-08-10T17-33-35_c.jpeg
45	capture_82_2024-08-10T17-14-13_c.jpeg
46	capture_192_2024-08-10T17-19-08_c.jpeg
47	capture_144_2024-08-10T17-15-17_c.jpeg
48	37082218_AB2_R.jpeg
49	c_23061118_AB6_R.jpeg
50	capture_187_2024-08-10T17-19-07_c.jpeg
51	c_08021218_AB1_R.jpeg
52	capture_275_2024-08-10T17-21-12_c.jpeg
53	capture_753_2024-08-10T17-31-12_c.jpeg
54	capture_171_2024-08-10T17-18-50_c.jpeg
55	c_24061118_AB3_R.jpeg
56	c_60042419_AB3_R.jpeg
57	c_18042418_AB1_R.jpeg
58	capture_788_2024-08-10T17-32-43_c.jpeg
59	capture_519_2024-08-10T17-25-52_c.jpeg
60	c_9021218_AB2_R.jpeg
61	c_15041918_AB1_R.jpeg
62	capture_418_2024-08-10T17-24-05_c.jpeg
63	capture_227_2024-08-10T17-19-34_c.jpeg
64	Copy of capture_64_2024-08-10T17-13-53_c.jpeg
65	c_33072318_AB4_R.jpeg
66	capture_727_2024-08-10T17-29-54_c.jpeg
67	c_01111517_AB1_R.jpeg
68	51112818_AB2_R.jpeg
69	capture_960_2024-08-10T17-42-24_c.jpeg
70	c_08021218_AB4_R.jpeg
71	capture_695_2024-08-10T17-29-15_c.jpeg
72	20052118_AB3_R.jpeg
73	capture_964_2024-08-10T17-42-25_c.jpeg
74	c_41090718_AB1_R.jpeg
75	22052318_A4_R.jpeg
76	c_59042419_AB1_R.jpeg
77	capture_553_2024-08-10T17-26-15_c.jpeg
78	capture_194_2024-08-10T17-19-09_c.jpeg
79	20052118_AB1_R.jpeg
80	c_57032919_AB1_R.jpeg
81	c_50102518_AB3_R.jpeg
82	capture_913_2024-08-10T17-41-33_c.jpeg
83	54020819_AB2_R.jpeg
84	capture_904_2024-08-10T17-41-29_c.jpeg
85	capture_929_2024-08-10T17-42-01_c.jpeg
86	capture_881_2024-08-10T17-38-15_c.jpeg
87	capture_280_2024-08-10T17-21-12_c.jpeg
88	38082318_AB1_R.jpeg
89	c_23061118_AB5_R.jpeg
90	10030618_AB4_R.jpeg
91	52120618_AB1_R.jpeg
92	49101618_AB2_R.jpeg
93	capture_340_2024-08-10T17-22-13_c.jpeg
94	c_03120117_AB2_R.jpeg
95	c_12032118_AB1_R.jpeg
96	capture_864_2024-08-10T17-38-10_c.jpeg
97	capture_491_2024-08-10T17-25-29_c.jpeg
98	c_45092718_AB2_R.jpeg
99	capture_114_2024-08-10T17-15-06_c.jpeg
100	26061918_AB3_R.jpeg
101	c_60042419_AB2_R.jpeg
102	capture_917_2024-08-10T17-41-45_c.jpeg
103	54020819_AB4_R.jpeg
104	c_19052118_AB1_R.jpeg
105	c_24061118_AB2_R.jpeg
106	26061918_AB1_R.jpeg
107	capture_704_2024-08-10T17-29-33_c.jpeg
108	c_35080318_AB4_R.jpeg
109	capture_746_2024-08-10T17-30-43_c.jpeg
110	capture_481_2024-08-10T17-24-56_c.jpeg
111	38082318_AB3_R.jpeg
112	c_17042418_AB2_R.jpeg
113	c_44091318_AB3_R.jpeg
114	capture_997_2024-08-10T17-42-43_c.jpeg
115	capture_1004_2024-08-10T17-42-46_c.jpeg