,Filename
0,c_23061118_AB4_R.jpg
1,38082318_AB4_R.jpg
2,c_11030618_AB2_R.jpg
3,c_27062218_AB2_R.jpg
4,c_61051619_AB3_R.jpg
5,c_67062119_AB2_R.jpg
6,c_9021218_AB1_R.jpg
7,c_04120117_AB2_R.jpg
8,c_36082218_AB3_R.jpg
9,48092018_AB3_R.jpg
10,c_59042419_AB1_R.jpg
11,c_17042418_AB1_R.jpg
12,47092018_AB1_R.jpg
13,c_18042418_AB3_R.jpg
14,c_08021218_AB1_R.jpg
15,c_39082418_AB2_R.jpg
16,c_18042418_AB1_R.jpg
17,47092018_AB3_R.jpg
18,c_08021218_AB3_R.jpg
19,c_36082218_AB1_R.jpg
20,c_59042419_AB3_R.jpg
21,c_17042418_AB3_R.jpg
22,48092018_AB1_R.jpg
23,c_31070218_AB2_R.jpg
24,c_24061118_AB2_R.jpg
25,c_61051619_AB1_R.jpg
26,25061918_AB5_R.jpg
27,c_9021218_AB3_R.jpg
28,54020819_AB4_R.jpg
29,c_23061118_AB6_R.jpg
30,c_5120817_AB2_R.jpg
31,c_27061918_AB2_R.jpg
32,c_16041918_AB3_R.jpg
33,c_58041919_AB3_R.jpg
34,25061918_AB1_R.jpg
35,c_11030618_AB4_R.jpg
36,38082318_AB2_R.jpg
37,c_23061118_AB2_R.jpg
38,c_28062718_AB2_R.jpg
39,c_43091218_AB1_R.jpg
40,c_30070218_AB3_R.jpg
41,51112818_AB1_R.jpg
42,c_01111517_AB1_R.jpg
43,51112818_AB3_R.jpg
44,c_01111517_AB3_R.jpg
45,c_43091218_AB3_R.jpg
46,c_30070218_AB1_R.jpg
47,c_63053019_AB2_R.jpg
48,c_03120117_AB2_R.jpg
49,54020819_AB2_R.jpg
50,c_5120817_AB4_R.jpg
51,c_16041918_AB1_R.jpg
52,c_58041919_AB1_R.jpg
53,c_24061118_AB4_R.jpg
54,25061918_AB3_R.jpg
55,c_17042418_AB2_R.jpg
56,c_39082418_AB1_R.jpg
57,c_08021218_AB2_R.jpg
58,47092018_AB2_R.jpg
59,c_11030618_AB1_R.jpg
60,c_23061118_AB7_R.jpg
61,c_5120817_AB3_R.jpg
62,c_27061918_AB3_R.jpg
63,c_9021218_AB2_R.jpg
64,c_67062119_AB1_R.jpg
65,c_04120117_AB1_R.jpg
66,c_24061118_AB3_R.jpg
67,25061918_AB4_R.jpg
68,c_27062218_AB1_R.jpg
69,c_67062119_AB3_R.jpg
70,c_04120117_AB3_R.jpg
71,c_27062218_AB3_R.jpg
72,c_31070218_AB1_R.jpg
73,c_61051619_AB2_R.jpg
74,c_24061118_AB1_R.jpg
75,c_11030618_AB3_R.jpg
76,c_27061918_AB1_R.jpg
77,c_5120817_AB1_R.jpg
78,c_23061118_AB5_R.jpg
79,38082318_AB5_R.jpg
80,c_30070218_AB4_R.jpg
81,c_18042418_AB2_R.jpg
82,48092018_AB2_R.jpg
83,c_36082218_AB2_R.jpg
84,c_63053019_AB3_R.jpg
85,47092018_AB4_R.jpg
86,c_43091218_AB2_R.jpg
87,c_08021218_AB4_R.jpg
88,c_28062718_AB1_R.jpg
89,c_01111517_AB2_R.jpg
90,c_59042419_AB4_R.jpg
91,c_17042418_AB4_R.jpg
92,51112818_AB2_R.jpg
93,c_24061118_AB5_R.jpg
94,25061918_AB2_R.jpg
95,c_23061118_AB1_R.jpg
96,38082318_AB1_R.jpg
97,54020819_AB3_R.jpg
98,c_03120117_AB3_R.jpg
99,38082318_AB3_R.jpg
100,54020819_AB1_R.jpg
101,c_23061118_AB3_R.jpg
102,c_03120117_AB1_R.jpg
103,c_11030618_AB5_R.jpg
104,c_61051619_AB4_R.jpg
105,c_16041918_AB2_R.jpg
106,c_58041919_AB2_R.jpg
107,c_36082218_AB4_R.jpg
108,48092018_AB4_R.jpg
109,c_30070218_AB2_R.jpg
110,c_18042418_AB4_R.jpg
111,c_28062718_AB3_R.jpg
112,20052118_AB1_R.jpg
113,c_50102518_AB1_R.jpg
114,29070218_AB1_R.jpg
115,c_60042419_AB3_R.jpg
116,49101618_AB1_R.jpg
117,34080218_AB1_R.jpg
118,37082218_AB2_R.jpg
119,c_45092718_AB1_R.jpg
120,c_35080318_AB4_R.jpg
121,c_15041918_AB3_R.jpg
122,10030618_AB3_R.jpg
123,c_33072318_AB2_R.jpg
124,02111617_A2_R.jpg
125,26061918_AB1_R.jpg
126,10030618_AB1_R.jpg
127,c_15041918_AB1_R.jpg
128,26061918_AB3_R.jpg
129,c_4082318_AB2_R.jpg
130,c_45092718_AB3_R.jpg
131,c_60042419_AB1_R.jpg
132,c_57032919_AB2_R.jpg
133,29070218_AB3_R.jpg
134,c_50102518_AB3_R.jpg
135,34080218_AB3_R.jpg
136,c_6121817_AB2_R.jpg
137,49101618_AB3_R.jpg
138,66061919_AB4_R.jpg
139,c_46092018_AB2_R.jpg
140,20052118_AB3_R.jpg
141,c_12032118_AB4_R.jpg
142,37082218_AB4_R.jpg
143,c_65050619_AB1_R.jpg
144,22052318_A1_R.jpg
145,c_32072318_AB1_R.jpg
146,21052318_A2_R.jpg
147,52120618_AB3_R.jpg
148,c_56032919_AB3_R.jpg
149,c_33072318_AB4_R.jpg
150,c_55022619_AB1_R.jpg
151,c_19052118_AB1_R.jpg
152,c_44091318_AB1_R.jpg
153,c_35080318_AB2_R.jpg
154,c_44091318_AB3_R.jpg
155,c_55022619_AB3_R.jpg
156,c_19052118_AB3_R.jpg
157,26061918_AB5_R.jpg
158,c_41090718_AB2_R.jpg
159,c_56032919_AB1_R.jpg
160,52120618_AB1_R.jpg
161,c_12032118_AB2_R.jpg
162,66061919_AB2_R.jpg
163,42091218_AB2_R.jpg
164,22052318_A3_R.jpg
165,c_65050619_AB3_R.jpg
166,49101618_AB5_R.jpg
167,c_57032919_AB4_R.jpg
168,c_32072318_AB3_R.jpg
169,c_19052118_AB4_R.jpg
170,c_44091318_AB4_R.jpg
171,c_45092718_AB2_R.jpg
172,02111617_A1_R.jpg
173,26061918_AB2_R.jpg
174,c_4082318_AB3_R.jpg
175,c_33072318_AB1_R.jpg
176,c_46092018_AB3_R.jpg
177,20052118_AB2_R.jpg
178,22052318_A4_R.jpg
179,34080218_AB2_R.jpg
180,49101618_AB2_R.jpg
181,c_6121817_AB3_R.jpg
182,c_57032919_AB3_R.jpg
183,29070218_AB2_R.jpg
184,c_50102518_AB2_R.jpg
185,c_6121817_AB1_R.jpg
186,37082218_AB3_R.jpg
187,c_57032919_AB1_R.jpg
188,c_60042419_AB2_R.jpg
189,c_46092018_AB1_R.jpg
190,c_4082318_AB1_R.jpg
191,02111617_A3_R.jpg
192,c_56032919_AB4_R.jpg
193,c_15041918_AB2_R.jpg
194,10030618_AB2_R.jpg
195,c_33072318_AB3_R.jpg
196,c_35080318_AB5_R.jpg
197,c_41090718_AB3_R.jpg
198,26061918_AB4_R.jpg
199,c_45092718_AB4_R.jpg
200,c_35080318_AB1_R.jpg
201,c_44091318_AB2_R.jpg
202,c_55022619_AB2_R.jpg
203,c_19052118_AB2_R.jpg
204,c_63053019_AB1.jpg
205,c_32072318_AB2_R.jpg
206,29070218_AB4_R.jpg
207,22052318_A2_R.jpg
208,c_65050619_AB2_R.jpg
209,49101618_AB4_R.jpg
210,34080218_AB4_R.jpg
211,21052318_A1_R.jpg
212,42091218_AB3_R.jpg
213,20052118_AB4_R.jpg
214,c_12032118_AB3_R.jpg
215,42091218_AB1_R.jpg
216,66061919_AB1_R.jpg
217,21052318_A3_R.jpg
218,c_12032118_AB1_R.jpg
219,49101618_AB6_R.jpg
220,c_35080318_AB3_R.jpg
221,c_15041918_AB4_R.jpg
222,52120618_AB2_R.jpg
223,c_41090718_AB1_R.jpg
224,c_56032919_AB2_R.jpg
225,10030618_AB4_R.jpg
226,26061918_AB6_R.jpg