,filename
0,capture_234_2023-02-10T16-27-38.jpeg
1,capture_235_2023-02-10T16-27-38.jpeg
2,capture_237_2023-02-10T16-27-39.jpeg
3,capture_238_2023-02-10T16-27-39.jpeg
4,capture_239_2023-02-10T16-27-39.jpeg
5,capture_240_2023-02-10T16-27-39.jpeg
6,capture_248_2023-02-10T16-27-41.jpeg
7,capture_261_2023-02-10T16-27-43.jpeg
8,capture_262_2023-02-10T16-27-43.jpeg
9,capture_264_2023-02-10T16-27-44.jpeg
10,capture_266_2023-02-10T16-27-44.jpeg
11,capture_267_2023-02-10T16-27-44.jpeg
12,capture_271_2023-02-10T16-27-46.jpeg
13,capture_272_2023-02-10T16-27-46.jpeg
14,capture_274_2023-02-10T16-27-46.jpeg
15,capture_275_2023-02-10T16-27-46.jpeg
16,capture_277_2023-02-10T16-27-47.jpeg
17,capture_278_2023-02-10T16-27-47.jpeg
18,capture_279_2023-02-10T16-27-47.jpeg
19,capture_280_2023-02-10T16-27-48.jpeg
20,capture_282_2023-02-10T16-27-48.jpeg
21,capture_283_2023-02-10T16-27-48.jpeg
22,capture_286_2023-02-10T16-27-49.jpeg
23,capture_288_2023-02-10T16-27-50.jpeg
24,capture_290_2023-02-10T16-27-50.jpeg
25,capture_291_2023-02-10T16-27-50.jpeg
26,capture_293_2023-02-10T16-27-51.jpeg
27,capture_296_2023-02-10T16-27-54.jpeg
28,capture_301_2023-02-10T16-28-20.jpeg
29,capture_242_2023-02-10T16-27-39.jpeg
30,capture_244_2023-02-10T16-27-40.jpeg
31,capture_245_2023-02-10T16-27-40.jpeg
32,capture_304_2023-02-10T16-28-22.jpeg
33,capture_306_2023-02-10T16-28-23 (1).jpeg
34,capture_309_2023-02-10T16-28-26.jpeg
35,capture_313_2023-02-10T16-28-29.jpeg
36,capture_1_2023-02-10T16-26-47.jpeg
37,capture_2_2023-02-10T16-26-51.jpeg
38,capture_3_2023-02-10T16-26-52.jpeg
39,capture_4_2023-02-10T16-26-52.jpeg
40,capture_5_2023-02-10T16-26-53.jpeg
41,capture_6_2023-02-10T16-26-53.jpeg
42,capture_7_2023-02-10T16-26-53.jpeg
43,capture_8_2023-02-10T16-26-53.jpeg
44,capture_9_2023-02-10T16-26-54.jpeg
45,capture_10_2023-02-10T16-26-54.jpeg
46,capture_11_2023-02-10T16-26-54.jpeg
47,capture_12_2023-02-10T16-26-54.jpeg
48,capture_13_2023-02-10T16-26-54.jpeg
49,capture_14_2023-02-10T16-26-55.jpeg
50,capture_15_2023-02-10T16-26-56.jpeg
51,capture_16_2023-02-10T16-26-57 (1).jpeg
52,capture_16_2023-02-10T16-26-57.jpeg
53,capture_17_2023-02-10T16-26-57.jpeg
54,capture_18_2023-02-10T16-26-57.jpeg
55,capture_19_2023-02-10T16-26-57.jpeg
56,capture_20_2023-02-10T16-26-57.jpeg
57,capture_21_2023-02-10T16-26-58.jpeg
58,capture_22_2023-02-10T16-26-58.jpeg
59,capture_23_2023-02-10T16-26-58.jpeg
60,capture_24_2023-02-10T16-26-58.jpeg
61,capture_25_2023-02-10T16-26-58.jpeg
62,capture_26_2023-02-10T16-26-58.jpeg
63,capture_27_2023-02-10T16-26-58.jpeg
64,capture_28_2023-02-10T16-26-59.jpeg
65,capture_29_2023-02-10T16-26-59.jpeg
66,capture_30_2023-02-10T16-26-59.jpeg
67,capture_31_2023-02-10T16-26-59.jpeg
68,capture_32_2023-02-10T16-26-59.jpeg
69,capture_33_2023-02-10T16-26-59.jpeg
70,capture_34_2023-02-10T16-27-00.jpeg
71,capture_35_2023-02-10T16-27-00.jpeg
72,capture_36_2023-02-10T16-27-00.jpeg
73,capture_37_2023-02-10T16-27-00 (1).jpeg
74,capture_37_2023-02-10T16-27-00.jpeg
75,capture_38_2023-02-10T16-27-00 (1).jpeg
76,capture_38_2023-02-10T16-27-00.jpeg
77,capture_39_2023-02-10T16-27-00.jpeg
78,capture_40_2023-02-10T16-27-01.jpeg
79,capture_41_2023-02-10T16-27-01.jpeg
80,capture_42_2023-02-10T16-27-01.jpeg
81,capture_43_2023-02-10T16-27-01.jpeg
82,capture_44_2023-02-10T16-27-01.jpeg
83,capture_45_2023-02-10T16-27-01.jpeg
84,capture_46_2023-02-10T16-27-02.jpeg
85,capture_47_2023-02-10T16-27-02.jpeg
86,capture_48_2023-02-10T16-27-02.jpeg
87,capture_49_2023-02-10T16-27-02.jpeg
88,capture_50_2023-02-10T16-27-02.jpeg
89,capture_51_2023-02-10T16-27-02.jpeg
90,capture_52_2023-02-10T16-27-03.jpeg
91,capture_53_2023-02-10T16-27-03.jpeg
92,capture_54_2023-02-10T16-27-03.jpeg
93,capture_55_2023-02-10T16-27-03.jpeg
94,capture_56_2023-02-10T16-27-03.jpeg
95,capture_57_2023-02-10T16-27-03.jpeg
96,capture_58_2023-02-10T16-27-04.jpeg
97,capture_59_2023-02-10T16-27-04.jpeg
98,capture_60_2023-02-10T16-27-04.jpeg
99,capture_61_2023-02-10T16-27-04.jpeg
100,capture_62_2023-02-10T16-27-04.jpeg
101,capture_163_2023-02-10T16-27-24.jpeg
102,capture_63_2023-02-10T16-27-05.jpeg
103,capture_164_2023-02-10T16-27-24.jpeg
104,capture_64_2023-02-10T16-27-05.jpeg
105,capture_165_2023-02-10T16-27-24.jpeg
106,capture_65_2023-02-10T16-27-05 (1).jpeg
107,capture_166_2023-02-10T16-27-24.jpeg
108,capture_65_2023-02-10T16-27-05.jpeg
109,capture_167_2023-02-10T16-27-24.jpeg
110,capture_66_2023-02-10T16-27-05.jpeg
111,capture_67_2023-02-10T16-27-05.jpeg
112,capture_168_2023-02-10T16-27-25.jpeg
113,capture_169_2023-02-10T16-27-25.jpeg
114,capture_68_2023-02-10T16-27-05.jpeg
115,capture_69_2023-02-10T16-27-06.jpeg
116,capture_170_2023-02-10T16-27-25.jpeg
117,capture_70_2023-02-10T16-27-06.jpeg
118,capture_171_2023-02-10T16-27-25.jpeg
119,capture_71_2023-02-10T16-27-06 (1).jpeg
120,capture_172_2023-02-10T16-27-26.jpeg
121,capture_71_2023-02-10T16-27-06.jpeg
122,capture_173_2023-02-10T16-27-26.jpeg
123,capture_72_2023-02-10T16-27-06.jpeg
124,capture_174_2023-02-10T16-27-26.jpeg
125,capture_73_2023-02-10T16-27-06.jpeg
126,capture_175_2023-02-10T16-27-26.jpeg
127,capture_74_2023-02-10T16-27-07.jpeg
128,capture_176_2023-02-10T16-27-27.jpeg
129,capture_75_2023-02-10T16-27-07.jpeg
130,capture_177_2023-02-10T16-27-27.jpeg
131,capture_76_2023-02-10T16-27-07.jpeg
132,capture_77_2023-02-10T16-27-07.jpeg
133,capture_178_2023-02-10T16-27-27.jpeg
134,capture_78_2023-02-10T16-27-07.jpeg
135,capture_179_2023-02-10T16-27-27.jpeg
136,capture_79_2023-02-10T16-27-07.jpeg
137,capture_180_2023-02-10T16-27-27.jpeg
138,capture_80_2023-02-10T16-27-08.jpeg
139,capture_81_2023-02-10T16-27-08.jpeg
140,capture_181_2023-02-10T16-27-28.jpeg
141,capture_82_2023-02-10T16-27-08.jpeg
142,capture_182_2023-02-10T16-27-28.jpeg
143,capture_83_2023-02-10T16-27-08.jpeg
144,capture_183_2023-02-10T16-27-28.jpeg
145,capture_184_2023-02-10T16-27-28.jpeg
146,capture_84_2023-02-10T16-27-08.jpeg
147,capture_85_2023-02-10T16-27-09.jpeg
148,capture_185_2023-02-10T16-27-28.jpeg
149,capture_86_2023-02-10T16-27-09.jpeg
150,capture_186_2023-02-10T16-27-28.jpeg
151,capture_87_2023-02-10T16-27-09 (1).jpeg
152,capture_187_2023-02-10T16-27-29.jpeg
153,capture_87_2023-02-10T16-27-09.jpeg
154,capture_188_2023-02-10T16-27-29.jpeg
155,capture_88_2023-02-10T16-27-09.jpeg
156,capture_89_2023-02-10T16-27-09.jpeg
157,capture_189_2023-02-10T16-27-29.jpeg
158,capture_90_2023-02-10T16-27-09.jpeg
159,capture_190_2023-02-10T16-27-29.jpeg
160,capture_91_2023-02-10T16-27-11.jpeg
161,capture_191_2023-02-10T16-27-29.jpeg
162,capture_92_2023-02-10T16-27-11.jpeg
163,capture_93_2023-02-10T16-27-11.jpeg
164,capture_192_2023-02-10T16-27-30.jpeg
165,capture_193_2023-02-10T16-27-30.jpeg
166,capture_94_2023-02-10T16-27-11.jpeg
167,capture_95_2023-02-10T16-27-11.jpeg
168,capture_194_2023-02-10T16-27-30.jpeg
169,capture_96_2023-02-10T16-27-11.jpeg
170,capture_195_2023-02-10T16-27-30.jpeg
171,capture_97_2023-02-10T16-27-12.jpeg
172,capture_196_2023-02-10T16-27-30.jpeg
173,capture_98_2023-02-10T16-27-12.jpeg
174,capture_197_2023-02-10T16-27-31.jpeg
175,capture_99_2023-02-10T16-27-12.jpeg
176,capture_100_2023-02-10T16-27-13.jpeg
177,capture_198_2023-02-10T16-27-31.jpeg
178,capture_199_2023-02-10T16-27-31 (1).jpeg
179,capture_101_2023-02-10T16-27-13.jpeg
180,capture_102_2023-02-10T16-27-13.jpeg
181,capture_199_2023-02-10T16-27-31.jpeg
182,capture_103_2023-02-10T16-27-13.jpeg
183,capture_200_2023-02-10T16-27-31.jpeg
184,capture_201_2023-02-10T16-27-31.jpeg
185,capture_104_2023-02-10T16-27-13.jpeg
186,capture_105_2023-02-10T16-27-13.jpeg
187,capture_202_2023-02-10T16-27-32.jpeg
188,capture_106_2023-02-10T16-27-14.jpeg
189,capture_203_2023-02-10T16-27-32.jpeg
190,capture_107_2023-02-10T16-27-14.jpeg
191,capture_108_2023-02-10T16-27-14.jpeg
192,capture_204_2023-02-10T16-27-32.jpeg
193,capture_109_2023-02-10T16-27-14.jpeg
194,capture_110_2023-02-10T16-27-14.jpeg
195,capture_111_2023-02-10T16-27-14.jpeg
196,capture_205_2023-02-10T16-27-32.jpeg
197,capture_112_2023-02-10T16-27-15.jpeg
198,capture_206_2023-02-10T16-27-33.jpeg
199,capture_113_2023-02-10T16-27-15.jpeg
200,capture_207_2023-02-10T16-27-33.jpeg
201,capture_114_2023-02-10T16-27-15.jpeg
202,capture_208_2023-02-10T16-27-33.jpeg
203,capture_209_2023-02-10T16-27-33.jpeg
204,capture_116_2023-02-10T16-27-15.jpeg
205,capture_117_2023-02-10T16-27-15.jpeg
206,capture_210_2023-02-10T16-27-33.jpeg
207,capture_118_2023-02-10T16-27-16.jpeg
208,capture_211_2023-02-10T16-27-34.jpeg
209,capture_119_2023-02-10T16-27-16.jpeg
210,capture_120_2023-02-10T16-27-16.jpeg
211,capture_121_2023-02-10T16-27-16.jpeg
212,capture_122_2023-02-10T16-27-16.jpeg
213,capture_123_2023-02-10T16-27-16.jpeg
214,capture_124_2023-02-10T16-27-17.jpeg
215,capture_125_2023-02-10T16-27-17.jpeg
216,capture_126_2023-02-10T16-27-17.jpeg
217,capture_127_2023-02-10T16-27-17.jpeg
218,capture_128_2023-02-10T16-27-17.jpeg
219,capture_129_2023-02-10T16-27-18.jpeg
220,capture_131_2023-02-10T16-27-18.jpeg
221,capture_130_2023-02-10T16-27-18.jpeg
222,capture_132_2023-02-10T16-27-18.jpeg
223,capture_161_2023-02-10T16-27-23.jpeg
224,capture_133_2023-02-10T16-27-19.jpeg
225,capture_162_2023-02-10T16-27-23.jpeg
226,capture_134_2023-02-10T16-27-19.jpeg
227,capture_212_2023-02-10T16-27-34.jpeg
228,capture_135_2023-02-10T16-27-19.jpeg
229,capture_213_2023-02-10T16-27-34.jpeg
230,capture_136_2023-02-10T16-27-19.jpeg
231,capture_214_2023-02-10T16-27-34.jpeg
232,capture_137_2023-02-10T16-27-19.jpeg
233,capture_215_2023-02-10T16-27-34.jpeg
234,capture_138_2023-02-10T16-27-19.jpeg
235,capture_139_2023-02-10T16-27-19.jpeg
236,capture_216_2023-02-10T16-27-35.jpeg
237,capture_140_2023-02-10T16-27-19.jpeg
238,capture_217_2023-02-10T16-27-35.jpeg
239,capture_141_2023-02-10T16-27-20.jpeg
240,capture_218_2023-02-10T16-27-35.jpeg
241,capture_142_2023-02-10T16-27-20.jpeg
242,capture_219_2023-02-10T16-27-35.jpeg
243,capture_143_2023-02-10T16-27-20.jpeg
244,capture_220_2023-02-10T16-27-35.jpeg
245,capture_144_2023-02-10T16-27-20.jpeg
246,capture_221_2023-02-10T16-27-36.jpeg
247,capture_145_2023-02-10T16-27-20.jpeg
248,capture_222_2023-02-10T16-27-36.jpeg
249,capture_223_2023-02-10T16-27-36.jpeg
250,capture_146_2023-02-10T16-27-21.jpeg
251,capture_147_2023-02-10T16-27-21.jpeg
252,capture_224_2023-02-10T16-27-36 (1).jpeg
253,capture_224_2023-02-10T16-27-36.jpeg
254,capture_148_2023-02-10T16-27-21.jpeg
255,capture_149_2023-02-10T16-27-21.jpeg
256,capture_225_2023-02-10T16-27-36.jpeg
257,capture_150_2023-02-10T16-27-21.jpeg
258,capture_226_2023-02-10T16-27-37.jpeg
259,capture_151_2023-02-10T16-27-21.jpeg
260,capture_227_2023-02-10T16-27-37.jpeg
261,capture_152_2023-02-10T16-27-22.jpeg
262,capture_228_2023-02-10T16-27-37.jpeg
263,capture_153_2023-02-10T16-27-22.jpeg
264,capture_229_2023-02-10T16-27-37.jpeg
265,capture_154_2023-02-10T16-27-22.jpeg
266,capture_230_2023-02-10T16-27-37.jpeg
267,capture_155_2023-02-10T16-27-22.jpeg
268,capture_156_2023-02-10T16-27-22.jpeg
269,capture_231_2023-02-10T16-27-37.jpeg
270,capture_157_2023-02-10T16-27-22.jpeg
271,capture_158_2023-02-10T16-27-23.jpeg
272,capture_232_2023-02-10T16-27-38.jpeg
273,capture_159_2023-02-10T16-27-23.jpeg
274,capture_233_2023-02-10T16-27-38.jpeg
275,capture_160_2023-02-10T16-27-23.jpeg
276,capture_236_2023-02-10T16-27-38.jpeg
277,capture_115_2023-02-10T16-27-15.jpeg
278,capture_241_2023-02-10T16-27-39.jpeg
279,capture_243_2023-02-10T16-27-40.jpeg
280,capture_247_2023-02-10T16-27-40.jpeg
281,capture_251_2023-02-10T16-27-41.jpeg
282,capture_253_2023-02-10T16-27-42.jpeg
283,capture_255_2023-02-10T16-27-42.jpeg
284,capture_257_2023-02-10T16-27-42.jpeg
285,capture_258_2023-02-10T16-27-43.jpeg
286,capture_259_2023-02-10T16-27-43.jpeg
287,capture_260_2023-02-10T16-27-43.jpeg
288,capture_265_2023-02-10T16-27-44.jpeg
289,capture_269_2023-02-10T16-27-45.jpeg
290,capture_270_2023-02-10T16-27-46 (1).jpeg
291,capture_276_2023-02-10T16-27-47.jpeg
292,capture_286_2023-02-10T16-27-49 (1).jpeg
293,capture_289_2023-02-10T16-27-50.jpeg
294,capture_292_2023-02-10T16-27-50.jpeg
295,capture_294_2023-02-10T16-27-53.jpeg
296,capture_303_2023-02-10T16-28-21.jpeg
297,capture_307_2023-02-10T16-28-24.jpeg
298,capture_308_2023-02-10T16-28-25.jpeg
299,capture_316_2023-02-10T16-28-31.jpeg
