,filename
0,c_capture_10_2024-07-24T10-09-53.jpeg
1,c_capture_11_2024-07-24T10-10-03.jpeg
2,c_capture_12_2024-07-24T10-10-05.jpeg
3,c_capture_13_2024-07-24T10-10-08.jpeg
4,c_capture_14_2024-07-24T10-10-13.jpeg
5,c_capture_15_2024-07-24T10-10-15.jpeg
6,c_capture_16_2024-07-24T10-12-19.jpeg
7,c_capture_17_2024-07-24T10-12-28.jpeg
8,c_capture_18_2024-07-24T10-12-32.jpeg
9,c_capture_1_2024-07-24T10-08-43.jpeg
10,c_capture_21_2024-07-24T10-13-08.jpeg
11,c_capture_22_2024-07-24T10-13-13.jpeg
12,c_capture_23_2024-07-24T10-13-29.jpeg
13,c_capture_24_2024-07-24T10-13-40.jpeg
14,c_capture_25_2024-07-24T10-13-44.jpeg
15,c_capture_26_2024-07-24T10-13-49.jpeg
16,c_capture_27_2024-07-24T10-13-58.jpeg
17,c_capture_2_2024-07-24T10-08-57.jpeg
18,c_capture_37_2024-07-24T10-19-18.jpeg
19,c_capture_38_2024-07-24T10-19-22.jpeg
20,c_capture_39_2024-07-24T10-19-28.jpeg
21,c_capture_3_2024-07-24T10-08-58.jpeg
22,c_capture_40_2024-07-24T10-19-32.jpeg
23,c_capture_41_2024-07-24T10-19-38.jpeg
24,c_capture_42_2024-07-24T10-19-47.jpeg
25,c_capture_43_2024-07-24T10-20-02.jpeg
26,c_capture_44_2024-07-24T10-20-04.jpeg
27,c_capture_45_2024-07-24T10-20-08.jpeg
28,c_capture_46_2024-07-24T10-20-20.jpeg
29,c_capture_47_2024-07-24T10-20-22.jpeg
30,c_capture_48_2024-07-24T10-20-24.jpeg
31,c_capture_49_2024-07-24T10-20-27.jpeg
32,c_capture_4_2024-07-24T10-09-01.jpeg
33,c_capture_55_2024-07-24T10-21-25.jpeg
34,c_capture_56_2024-07-24T10-21-39.jpeg
35,c_capture_57_2024-07-24T10-21-43.jpeg
36,c_capture_58_2024-07-24T10-21-45.jpeg
37,c_capture_59_2024-07-24T10-21-47.jpeg
38,c_capture_5_2024-07-24T10-09-05.jpeg
39,c_capture_60_2024-07-24T10-21-50.jpeg
40,c_capture_62_2024-07-24T10-22-02.jpeg
41,c_capture_63_2024-07-24T10-22-04.jpeg
42,c_capture_64_2024-07-24T10-22-05.jpeg
43,c_capture_65_2024-07-24T10-22-07.jpeg
44,c_capture_66_2024-07-24T10-22-10.jpeg
45,c_capture_67_2024-07-24T10-22-19.jpeg
46,c_capture_6_2024-07-24T10-09-08.jpeg
47,c_capture_7_2024-07-24T10-09-10.jpeg
48,c_capture_87_2024-07-24T10-27-00.jpeg
49,c_capture_88_2024-07-24T10-27-01.jpeg
50,c_capture_89_2024-07-24T10-27-04.jpeg
51,c_capture_8_2024-07-24T10-09-30.jpeg
52,c_capture_90_2024-07-24T10-27-06.jpeg
53,c_capture_94_2024-07-24T10-27-29.jpeg
54,c_capture_95_2024-07-24T10-27-35.jpeg
55,c_capture_96_2024-07-24T10-27-37.jpeg
56,c_capture_97_2024-07-24T10-27-38.jpeg
57,c_capture_98_2024-07-24T10-27-42.jpeg
58,c_capture_99_2024-07-24T10-27-44.jpeg
59,c_capture_9_2024-07-24T10-09-47.jpeg